{
    "avg_prec": 0.5544076799400158,
    "roc_auc": 0.7553857341311233
}