{
    "precision": 0.7302955665024631,
    "recall": 0.5947843530591775,
    "fbeta": 0.6556108347153123
}
