{
    "avg_prec": 0.5316708808811088,
    "roc_auc": 0.762685361949557
}