{
    "prc": [
        {
            "precision": 0.2401252408477842,
            "recall": 1.0,
            "threshold": 0
        },
        {
            "precision": 0.7302955665024631,
            "recall": 0.5947843530591775,
            "threshold": 1
        }
    ]
}