{
    "prc": [
        {
            "precision": 0.26850904128283865,
            "recall": 1.0,
            "threshold": 0
        },
        {
            "precision": 0.7652027027027027,
            "recall": 0.5756035578144854,
            "threshold": 1
        }
    ]
}